-- phpMyAdmin SQL Dump
-- version 5.2.1
-- https://www.phpmyadmin.net/
--
-- Host: 127.0.0.1
-- Generation Time: Mar 03, 2025 at 01:08 PM
-- Server version: 10.4.32-MariaDB
-- PHP Version: 8.2.12

SET SQL_MODE = "NO_AUTO_VALUE_ON_ZERO";
START TRANSACTION;
SET time_zone = "+00:00";


/*!40101 SET @OLD_CHARACTER_SET_CLIENT=@@CHARACTER_SET_CLIENT */;
/*!40101 SET @OLD_CHARACTER_SET_RESULTS=@@CHARACTER_SET_RESULTS */;
/*!40101 SET @OLD_COLLATION_CONNECTION=@@COLLATION_CONNECTION */;
/*!40101 SET NAMES utf8mb4 */;

--
-- Database: `db_mamatid01`
--

-- --------------------------------------------------------

--
-- Table structure for table `medicines`
--

CREATE TABLE `medicines` (
  `id` int(11) NOT NULL,
  `medicine_name` varchar(60) NOT NULL
) ENGINE=InnoDB DEFAULT CHARSET=utf8 COLLATE=utf8_general_ci;

--
-- Dumping data for table `medicines`
--

INSERT INTO `medicines` (`id`, `medicine_name`) VALUES
(1, 'Amoxicillin'),
(4, 'Antibiotic'),
(5, 'Antihistamine'),
(6, 'Atorvastatin'),
(3, 'Losartan'),
(2, 'Mefenamic'),
(7, 'Oxymetazoline');

-- --------------------------------------------------------

--
-- Table structure for table `medicine_details`
--

CREATE TABLE `medicine_details` (
  `id` int(11) NOT NULL,
  `medicine_id` int(11) NOT NULL,
  `packing` varchar(60) NOT NULL
) ENGINE=InnoDB DEFAULT CHARSET=utf8 COLLATE=utf8_general_ci;

--
-- Dumping data for table `medicine_details`
--

INSERT INTO `medicine_details` (`id`, `medicine_id`, `packing`) VALUES
(1, 1, '50'),
(2, 4, '50'),
(3, 5, '50'),
(4, 6, '25'),
(5, 3, '80'),
(6, 2, '100'),
(7, 7, '25');

-- --------------------------------------------------------

--
-- Table structure for table `migrations`
--

CREATE TABLE `migrations` (
  `id` int(10) UNSIGNED NOT NULL,
  `migration` varchar(255) NOT NULL,
  `batch` int(11) NOT NULL
) ENGINE=InnoDB DEFAULT CHARSET=utf8mb4 COLLATE=utf8mb4_unicode_ci;

-- --------------------------------------------------------

--
-- Table structure for table `patients`
--

CREATE TABLE `patients` (
  `id` int(11) NOT NULL,
  `patient_name` varchar(60) NOT NULL,
  `address` varchar(100) NOT NULL,
  `purpose` varchar(100) NOT NULL,
  `date_of_birth` date NOT NULL,
  `phone_number` varchar(12) NOT NULL,
  `gender` varchar(6) NOT NULL,
  `created_at` datetime NOT NULL DEFAULT current_timestamp()
) ENGINE=InnoDB DEFAULT CHARSET=utf8 COLLATE=utf8_general_ci;

--
-- Dumping data for table `patients`
--

INSERT INTO `patients` (`id`, `patient_name`, `address`, `purpose`, `date_of_birth`, `phone_number`, `gender`, `created_at`) VALUES
(1, 'Mark Cooper', 'Sample Address 101 - Updated', '123654789', '1999-06-23', '091235649879', 'Male', '2025-03-02 17:11:52'),
(2, 'Pomeranian La Baskerville', 'Baskerville  Main Baskerville', '989877789089', '2025-01-21', '09918719610', 'Female', '2025-03-02 17:11:52'),
(3, 'Hugo Le Baskerville', 'Main House', 'SECRET', '1979-11-30', '09918719610', 'Male', '2025-03-02 17:11:52'),
(4, 'Vikir Van Baskerville', 'Main House', '1234567', '2003-08-28', '09918719610', 'Male', '2025-03-02 17:11:52'),
(5, 'Osiris Le Baskerville', 'Main House', 'SECRET01', '2025-03-11', '09918719610', 'Male', '2025-03-02 17:18:27');

-- --------------------------------------------------------

--
-- Table structure for table `patient_medication_history`
--

CREATE TABLE `patient_medication_history` (
  `id` int(11) NOT NULL,
  `patient_visit_id` int(11) NOT NULL,
  `medicine_details_id` int(11) NOT NULL,
  `quantity` tinyint(4) NOT NULL,
  `dosage` varchar(20) NOT NULL
) ENGINE=InnoDB DEFAULT CHARSET=utf8 COLLATE=utf8_general_ci;

--
-- Dumping data for table `patient_medication_history`
--

INSERT INTO `patient_medication_history` (`id`, `patient_visit_id`, `medicine_details_id`, `quantity`, `dosage`) VALUES
(1, 1, 1, 5, '250'),
(2, 1, 6, 2, '500'),
(3, 2, 2, 2, '250'),
(4, 2, 7, 2, '250'),
(5, 5, 2, 4, '3');

-- --------------------------------------------------------

--
-- Table structure for table `patient_visits`
--

CREATE TABLE `patient_visits` (
  `id` int(11) NOT NULL,
  `visit_date` date NOT NULL,
  `next_visit_date` date DEFAULT NULL,
  `bp` varchar(23) NOT NULL,
  `weight` varchar(12) NOT NULL,
  `disease` varchar(30) NOT NULL,
  `patient_id` int(11) NOT NULL,
  `created_at` timestamp NOT NULL DEFAULT current_timestamp(),
  `alcohol` tinyint(1) NOT NULL DEFAULT 0,
  `smoke` tinyint(1) NOT NULL DEFAULT 0,
  `obese` tinyint(1) NOT NULL DEFAULT 0
) ENGINE=InnoDB DEFAULT CHARSET=utf8 COLLATE=utf8_general_ci;

--
-- Dumping data for table `patient_visits`
--

INSERT INTO `patient_visits` (`id`, `visit_date`, `next_visit_date`, `bp`, `weight`, `disease`, `patient_id`, `created_at`, `alcohol`, `smoke`, `obese`) VALUES
(1, '2022-06-28', '2022-06-30', '120/80', '65 kg.', 'Wounded Arm', 1, '2025-03-02 07:27:29', 0, 0, 0),
(2, '2022-06-30', '2022-07-02', '120/80', '65 kg.', 'Rhinovirus', 1, '2025-03-02 07:27:29', 0, 0, 0),
(4, '2025-03-03', '2025-03-04', '45', '56', 'Dog', 3, '2025-03-02 07:27:29', 0, 0, 0),
(5, '2025-03-04', '2025-03-05', '56', '45', 'Dog', 4, '2025-03-02 07:27:29', 0, 0, 0),
(6, '2025-03-02', '2025-03-02', '56', '56', 'Dog', 4, '2025-03-02 09:55:41', 1, 0, 1),
(7, '2025-03-02', '2025-03-02', '100', '100', 'Cat', 4, '2025-03-02 10:08:36', 1, 1, 0);

-- --------------------------------------------------------

--
-- Table structure for table `users`
--

CREATE TABLE `users` (
  `id` int(11) NOT NULL,
  `display_name` varchar(30) NOT NULL,
  `user_name` varchar(30) NOT NULL,
  `password` varchar(100) NOT NULL,
  `profile_picture` varchar(40) NOT NULL
) ENGINE=InnoDB DEFAULT CHARSET=utf8mb4 COLLATE=utf8mb4_general_ci;

--
-- Dumping data for table `users`
--

INSERT INTO `users` (`id`, `display_name`, `user_name`, `password`, `profile_picture`) VALUES
(1, 'Administrator', 'admin', '0192023a7bbd73250516f069df18b500', '1656551981avatar.png '),
(2, 'John Doe', 'jdoe', '9c86d448e84d4ba23eb089e0b5160207', '1656551999avatar_.png');

--
-- Indexes for dumped tables
--

--
-- Indexes for table `medicines`
--
ALTER TABLE `medicines`
  ADD PRIMARY KEY (`id`),
  ADD UNIQUE KEY `medicine_name` (`medicine_name`);

--
-- Indexes for table `medicine_details`
--
ALTER TABLE `medicine_details`
  ADD PRIMARY KEY (`id`),
  ADD KEY `fk_medicine_details_medicine_id` (`medicine_id`);

--
-- Indexes for table `migrations`
--
ALTER TABLE `migrations`
  ADD PRIMARY KEY (`id`);

--
-- Indexes for table `patients`
--
ALTER TABLE `patients`
  ADD PRIMARY KEY (`id`);

--
-- Indexes for table `patient_medication_history`
--
ALTER TABLE `patient_medication_history`
  ADD PRIMARY KEY (`id`),
  ADD KEY `fk_patient_medication_history_patients_visits_id` (`patient_visit_id`),
  ADD KEY `fk_patient_medication_history_medicine_details_id` (`medicine_details_id`);

--
-- Indexes for table `patient_visits`
--
ALTER TABLE `patient_visits`
  ADD PRIMARY KEY (`id`),
  ADD KEY `fk_patients_visit_patient_id` (`patient_id`);

--
-- Indexes for table `users`
--
ALTER TABLE `users`
  ADD PRIMARY KEY (`id`),
  ADD UNIQUE KEY `user_name` (`user_name`);

--
-- AUTO_INCREMENT for dumped tables
--

--
-- AUTO_INCREMENT for table `medicines`
--
ALTER TABLE `medicines`
  MODIFY `id` int(11) NOT NULL AUTO_INCREMENT, AUTO_INCREMENT=8;

--
-- AUTO_INCREMENT for table `medicine_details`
--
ALTER TABLE `medicine_details`
  MODIFY `id` int(11) NOT NULL AUTO_INCREMENT, AUTO_INCREMENT=8;

--
-- AUTO_INCREMENT for table `migrations`
--
ALTER TABLE `migrations`
  MODIFY `id` int(10) UNSIGNED NOT NULL AUTO_INCREMENT;

--
-- AUTO_INCREMENT for table `patients`
--
ALTER TABLE `patients`
  MODIFY `id` int(11) NOT NULL AUTO_INCREMENT, AUTO_INCREMENT=6;

--
-- AUTO_INCREMENT for table `patient_medication_history`
--
ALTER TABLE `patient_medication_history`
  MODIFY `id` int(11) NOT NULL AUTO_INCREMENT, AUTO_INCREMENT=6;

--
-- AUTO_INCREMENT for table `patient_visits`
--
ALTER TABLE `patient_visits`
  MODIFY `id` int(11) NOT NULL AUTO_INCREMENT, AUTO_INCREMENT=8;

--
-- AUTO_INCREMENT for table `users`
--
ALTER TABLE `users`
  MODIFY `id` int(11) NOT NULL AUTO_INCREMENT, AUTO_INCREMENT=3;

--
-- Constraints for dumped tables
--

--
-- Constraints for table `medicine_details`
--
ALTER TABLE `medicine_details`
  ADD CONSTRAINT `fk_medicine_details_medicine_id` FOREIGN KEY (`medicine_id`) REFERENCES `medicines` (`id`);

--
-- Constraints for table `patient_medication_history`
--
ALTER TABLE `patient_medication_history`
  ADD CONSTRAINT `fk_patient_medication_history_medicine_details_id` FOREIGN KEY (`medicine_details_id`) REFERENCES `medicine_details` (`id`),
  ADD CONSTRAINT `fk_patient_medication_history_patients_visits_id` FOREIGN KEY (`patient_visit_id`) REFERENCES `patient_visits` (`id`);

--
-- Constraints for table `patient_visits`
--
ALTER TABLE `patient_visits`
  ADD CONSTRAINT `fk_patients_visit_patient_id` FOREIGN KEY (`patient_id`) REFERENCES `patients` (`id`);
COMMIT;

/*!40101 SET CHARACTER_SET_CLIENT=@OLD_CHARACTER_SET_CLIENT */;
/*!40101 SET CHARACTER_SET_RESULTS=@OLD_CHARACTER_SET_RESULTS */;
/*!40101 SET COLLATION_CONNECTION=@OLD_COLLATION_CONNECTION */;
